TARGET_CLASS,configuration_id,criterion,ctg_min_time_per_job,ctg_schedule,search_budget,p_object_pool,ctg_time_per_class,Size,Length,Total_Time,Random_Seed,LineCoverage,LineCoverageBitString,BranchCoverage,BranchCoverageBitString,ExceptionCoverage,ExceptionCoverageBitString,Explicit_MethodExceptions,Explicit_TypeExceptions,Implicit_MethodExceptions,Implicit_TypeExceptions,WeakMutationScore,WeakMutationCoverageBitString,OutputCoverage,OutputCoverageBitString,MethodCoverage,MethodCoverageBitString,MethodNoExceptionCoverage,MethodNoExceptionCoverageBitString,CBranchCoverage,CBranchCoverageBitString
edu.illinois.starts.helpers.PomUtil,default,LINE;BRANCH;EXCEPTION;WEAKMUTATION;OUTPUT;METHOD;METHODNOEXCEPTION;CBRANCH,1,BUDGET,38,0.3,2,6,9,45921,1508102522215,0.30434782608695654,1110000000000000001100001110000000011011100001,0.14285714285714285,1100000000000000010010000000,0.625,00110111,0,0,4,1,0.06934306569343066,0000000000000000000000000000000000000000000000000000000000000000000000000000000000000000000000000000000000000000111000000000000000000000000000000000000100000000000000000001111111111111110000000000000000000000000000000000000000000000000000000000000000000000000000000000000000,0.0,0000000000000000000,0.7142857142857143,1001111,0.14285714285714285,1000000,0.07142857142857142,1100000000000000000000000000
