TARGET_CLASS,configuration_id,criterion,ctg_min_time_per_job,ctg_schedule,search_budget,p_object_pool,ctg_time_per_class,Size,Length,Total_Time,Random_Seed,LineCoverage,LineCoverageBitString,BranchCoverage,BranchCoverageBitString,ExceptionCoverage,ExceptionCoverageBitString,Explicit_MethodExceptions,Explicit_TypeExceptions,Implicit_MethodExceptions,Implicit_TypeExceptions,WeakMutationScore,WeakMutationCoverageBitString,OutputCoverage,OutputCoverageBitString,MethodCoverage,MethodCoverageBitString,MethodNoExceptionCoverage,MethodNoExceptionCoverageBitString,CBranchCoverage,CBranchCoverageBitString
org.asynchttpclient.request.body.multipart.part.MultipartPart,default,LINE;BRANCH;EXCEPTION;WEAKMUTATION;OUTPUT;METHOD;METHODNOEXCEPTION;CBRANCH,1,BUDGET,146,0.3,2,60,354,206731,1507608182716,0.92,11111111111111111111111111111111111111111111111110000101111111011010001111111111111111111111111111111111111111111111111111111,0.8484848484848485,111111111111111111110101100101011111111111110100101111111111111111,1.0,111111111111111111111111111111,9,3,21,4,0.7248322147651006,11111111111111111010001111111111111111111111111111111111111111111100000000000000000000000000000000000010111111111111111111111111111111111111111111111,0.4473684210526316,10010100100111011010011001011000011000,1.0,111111111111111111111111,0.9166666666666666,111111111111010111111111,0.7575757575757576,101111111111111011111101010110101111000011111000101111111111111110
