TARGET_CLASS,configuration_id,criterion,ctg_min_time_per_job,ctg_schedule,search_budget,p_object_pool,ctg_time_per_class,Size,Length,Total_Time,Random_Seed,LineCoverage,LineCoverageBitString,BranchCoverage,BranchCoverageBitString,ExceptionCoverage,ExceptionCoverageBitString,Explicit_MethodExceptions,Explicit_TypeExceptions,Implicit_MethodExceptions,Implicit_TypeExceptions,WeakMutationScore,WeakMutationCoverageBitString,OutputCoverage,OutputCoverageBitString,MethodCoverage,MethodCoverageBitString,MethodNoExceptionCoverage,MethodNoExceptionCoverageBitString,CBranchCoverage,CBranchCoverageBitString
org.joda.time.base.BasePeriod,default,LINE;BRANCH;EXCEPTION;WEAKMUTATION;OUTPUT;METHOD;METHODNOEXCEPTION;CBRANCH,1,BUDGET,143,0.3,3,31,123,197080,1507608929844,0.9771428571428571,1111111111111111111111111111111111111111111111111111111111111111111111111111011010111111111111111111111111111111111111111111111111111111111111111111111111111111111111111111110,0.8607594936708861,1111111111111111110011111111011010110111010111111111111111110111111011101111111,1.0,1,0,0,1,1,0.9798488664987406,0111111111111111111111111110111111111111111111111111111110111111111111111111111111111111111111111111111111111111111111111111111111111111111111111111111111111111111111111111111111111111111111111111111111111111111111111111111111111111111111111111011111111111111111111111111111101111111111111111111111111111111111011111111111111111111111111011111111111111111111111111110111111111111111111111111111111,0.673469387755102,0000000010010100011111111111111101111111111111110,0.23529411764705882,00000110000000011,0.23529411764705882,00000110000000011,0.8481012658227848,1111111001111111111111111101111001110110101111011111111111101111111011101111111
