TARGET_CLASS,configuration_id,criterion,ctg_min_time_per_job,ctg_schedule,search_budget,p_object_pool,ctg_time_per_class,Size,Length,Total_Time,Random_Seed,LineCoverage,LineCoverageBitString,BranchCoverage,BranchCoverageBitString,ExceptionCoverage,ExceptionCoverageBitString,Explicit_MethodExceptions,Explicit_TypeExceptions,Implicit_MethodExceptions,Implicit_TypeExceptions,WeakMutationScore,WeakMutationCoverageBitString,OutputCoverage,OutputCoverageBitString,MethodCoverage,MethodCoverageBitString,MethodNoExceptionCoverage,MethodNoExceptionCoverageBitString,CBranchCoverage,CBranchCoverageBitString
org.asynchttpclient.uri.Uri,default,LINE;BRANCH;EXCEPTION;WEAKMUTATION;OUTPUT;METHOD;METHODNOEXCEPTION;CBRANCH,1,BUDGET,205,0.3,2,71,146,256414,1508110390133,0.9238095238095239,111111111111111111111111110011111101011111100111101011111111111111111111111111111111111111111111111111111,0.8762886597938144,1111111111111111111111111111111111111111111111111101111101111111110001111111010111111100011111010,1.0,11111111111,8,2,2,1,0.966796875,11111111111111111111111111111111111111111111111111111111111111111111111111111111111111111111111111111111111111111111111111111111111111111111111111111111111111111111111111111111111111111111111111111111111111111111111111111111111111111111111111111111111111111111111111111111111110111110111111111111111111111111111111111111111111111111111111111111111111111111111111111111111111111111111101111111111111111111111111111111111111111111111111100000001111111111101111111111111111111111100011111111000111111111111111111111,0.7264150943396226,0111110101111011111101011110111110101111111110100101111111010111111000100100101111110101111011111101011110,1.0,1111111111111111111111,1.0,1111111111111111111111,0.8762886597938144,1111111111111111111111111111111111111111111111111011111011111111110001111110110111111100011110101
