TARGET_CLASS,configuration_id,criterion,ctg_min_time_per_job,ctg_schedule,search_budget,p_object_pool,ctg_time_per_class,Size,Length,Total_Time,Random_Seed,LineCoverage,LineCoverageBitString,BranchCoverage,BranchCoverageBitString,ExceptionCoverage,ExceptionCoverageBitString,Explicit_MethodExceptions,Explicit_TypeExceptions,Implicit_MethodExceptions,Implicit_TypeExceptions,WeakMutationScore,WeakMutationCoverageBitString,OutputCoverage,OutputCoverageBitString,MethodCoverage,MethodCoverageBitString,MethodNoExceptionCoverage,MethodNoExceptionCoverageBitString,CBranchCoverage,CBranchCoverageBitString
org.joda.time.tz.CachedDateTimeZone,default,LINE;BRANCH;EXCEPTION;WEAKMUTATION;OUTPUT;METHOD;METHODNOEXCEPTION;CBRANCH,1,BUDGET,57,0.3,3,32,94,78872,1507837649650,1.0,111111111111111111111111111111111111111111111111111111111111,0.9512195121951219,11111111111111111101111111111111111111011,1.0,111111111,0,0,9,2,0.9533678756476683,1111111111111111111111111111111111111111111111111111111110011111111111111111111111011111111111111111111111111111110101111111111111111111111011111111111111111111110111111111101111111111110111111,0.6956521739130435,11100110111111011010110,0.7692307692307693,1111111111000,0.7692307692307693,1111111111000,0.5365853658536586,11111111111111110111111000000000000000000
