TARGET_CLASS,configuration_id,criterion,ctg_min_time_per_job,ctg_schedule,search_budget,p_object_pool,ctg_time_per_class,Size,Length,Total_Time,Random_Seed,LineCoverage,LineCoverageBitString,BranchCoverage,BranchCoverageBitString,ExceptionCoverage,ExceptionCoverageBitString,Explicit_MethodExceptions,Explicit_TypeExceptions,Implicit_MethodExceptions,Implicit_TypeExceptions,WeakMutationScore,WeakMutationCoverageBitString,OutputCoverage,OutputCoverageBitString,MethodCoverage,MethodCoverageBitString,MethodNoExceptionCoverage,MethodNoExceptionCoverageBitString,CBranchCoverage,CBranchCoverageBitString
org.asynchttpclient.util.Utf8UrlEncoder,default,LINE;BRANCH;EXCEPTION;WEAKMUTATION;OUTPUT;METHOD;METHODNOEXCEPTION;CBRANCH,1,BUDGET,97,0.3,2,20,131,166408,1507619128798,0.6666666666666666,001111110100000000000010011111111111111111111110001111111111,0.7567567567567568,1111111111111011111110011011111100000,1.0,111111111,0,0,9,2,0.4495192307692308,11111111111111111111111111111111111111111111101111111111101111111111111111111111111011111111111111111111111000000000111111011111111111111111111111110111111111111111110000111111111110000011111111111111011111111110000000000000000000000000000000000000000000000000000000000000000000000000000000000000000000000000000000000000000000000000000000000000000000000000000000000000000000000000000000000000000000000000000000000000,0.8235294117647058,11111110110110111,1.0,1111111,1.0,1111111,0.7567567567567568,1111111111111011111110011101110110000
