TARGET_CLASS,configuration_id,criterion,ctg_min_time_per_job,ctg_schedule,search_budget,p_object_pool,ctg_time_per_class,Size,Length,Total_Time,Random_Seed,LineCoverage,LineCoverageBitString,BranchCoverage,BranchCoverageBitString,ExceptionCoverage,ExceptionCoverageBitString,Explicit_MethodExceptions,Explicit_TypeExceptions,Implicit_MethodExceptions,Implicit_TypeExceptions,WeakMutationScore,WeakMutationCoverageBitString,OutputCoverage,OutputCoverageBitString,MethodCoverage,MethodCoverageBitString,MethodNoExceptionCoverage,MethodNoExceptionCoverageBitString,CBranchCoverage,CBranchCoverageBitString
org.asynchttpclient.Realm,default,LINE;BRANCH;EXCEPTION;WEAKMUTATION;OUTPUT;METHOD;METHODNOEXCEPTION;CBRANCH,1,BUDGET,30,0.3,2,31,560,45714,1508117775236,0.7906976744186046,1111111111111111111111111111111111111111111111111000011111111000000000000000111111111100011111100000000011111111111111110110111111111111111111111111111111111111111111111000,0.7553191489361702,1111111111111111111111111111111111111110111111101110111111111111111101101000000000000000001011,1.0,,0,0,0,0,0.6563380281690141,1111111111111111111111111111111111111111111111111111111111111111111111111111111111111111111111111111111011111111111100101001111001010011111111111111111111111111111111111111111111111111111111111111111111101111111100111111111111110100000000000111111111101000011000000000000000000000000000000000000000000000000000000000000000000000000000000000000010000001111,0.6363636363636364,111000010111111111111111111101100111111111000000000000001111111010,1.0,111111111111111111111111111111111111111,1.0,111111111111111111111111111111111111111,0.7553191489361702,1111111111111101111111111111111111111111111111011101111111111111111111001000000000000000000111
