TARGET_CLASS,configuration_id,criterion,ctg_min_time_per_job,ctg_schedule,search_budget,p_object_pool,ctg_time_per_class,Size,Length,Total_Time,Random_Seed,LineCoverage,LineCoverageBitString,BranchCoverage,BranchCoverageBitString,ExceptionCoverage,ExceptionCoverageBitString,Explicit_MethodExceptions,Explicit_TypeExceptions,Implicit_MethodExceptions,Implicit_TypeExceptions,WeakMutationScore,WeakMutationCoverageBitString,OutputCoverage,OutputCoverageBitString,MethodCoverage,MethodCoverageBitString,MethodNoExceptionCoverage,MethodNoExceptionCoverageBitString,CBranchCoverage,CBranchCoverageBitString
org.joda.time.chrono.BaseChronology,default,LINE;BRANCH;EXCEPTION;WEAKMUTATION;OUTPUT;METHOD;METHODNOEXCEPTION;CBRANCH,1,BUDGET,106,0.3,3,77,228,148140,1507834004018,0.6521739130434783,1111111111110000000001111111111111111111111111111111111111111110000000000000000111111111111111111100010001000000000,0.5443037974683544,1001100010000000000000000000000001000001111111110101111111111111111111111111111,0.8666666666666667,111111011110111,5,2,5,2,0.963963963963964,111111111111111111111111111111111111111111111011111111111111111111111111111111111010111111111111111111111111111111111111111111111111111111101111111111111111111111111111111111111111111111101111111111111101100000111111111111110111111111111111111111011111111111111111111111111111111011111111111111111111111111111111111111111111111111111111011111111111111111111111111111111111111111111111011111111111111111111111111111111111111111111111111111111111,0.5377358490566038,1111111010101010101010101011001001011010011010101010101010101010101010101010101110101010101010101010101010,1.0,1111111111111111111111111111111111111111111111111,1.0,1111111111111111111111111111111111111111111111111,0.4936708860759494,0000000000000000000000000000000000000011111111101011111111111111111111111111111
