TARGET_CLASS,configuration_id,criterion,ctg_min_time_per_job,ctg_schedule,search_budget,p_object_pool,ctg_time_per_class,Size,Length,Total_Time,Random_Seed,LineCoverage,LineCoverageBitString,BranchCoverage,BranchCoverageBitString,ExceptionCoverage,ExceptionCoverageBitString,Explicit_MethodExceptions,Explicit_TypeExceptions,Implicit_MethodExceptions,Implicit_TypeExceptions,WeakMutationScore,WeakMutationCoverageBitString,OutputCoverage,OutputCoverageBitString,MethodCoverage,MethodCoverageBitString,MethodNoExceptionCoverage,MethodNoExceptionCoverageBitString,CBranchCoverage,CBranchCoverageBitString
edu.illinois.starts.asm.Label,default,LINE;BRANCH;EXCEPTION;WEAKMUTATION;OUTPUT;METHOD;METHODNOEXCEPTION;CBRANCH,1,BUDGET,51,0.3,2,32,415,76568,1508102083297,0.989247311827957,111111111111111111111111111111111111111111111111111101111111111111111111111111111111111111111,0.95,111111111111111111011101111111111111111111111111111111110111,1.0,11111111111111,1,1,13,4,0.9017857142857143,1111111111101111111111111110111111111111111111111111111111111111111111111111111111111101111111111111111111111111111111111111111111111111111111110111111111111111111111111111111100111111111011111101111111111111111110011111011111111111111000000000000000000001111111111111011111111111110111111111111101111111111111110111111111111011111110111111011111111111111111101111111101111111111111111111111111110111111111111111011111111011111111111110111111111111,0.7857142857142857,11111111011010,1.0,1111111111,1.0,1111111111,0.95,111111111111111111110110111111111111111111111111111111101111
