TARGET_CLASS,configuration_id,criterion,ctg_min_time_per_job,ctg_schedule,search_budget,p_object_pool,ctg_time_per_class,Size,Length,Total_Time,Random_Seed,LineCoverage,LineCoverageBitString,BranchCoverage,BranchCoverageBitString,ExceptionCoverage,ExceptionCoverageBitString,Explicit_MethodExceptions,Explicit_TypeExceptions,Implicit_MethodExceptions,Implicit_TypeExceptions,WeakMutationScore,WeakMutationCoverageBitString,OutputCoverage,OutputCoverageBitString,MethodCoverage,MethodCoverageBitString,MethodNoExceptionCoverage,MethodNoExceptionCoverageBitString,CBranchCoverage,CBranchCoverageBitString
org.joda.time.MonthDay,default,LINE;BRANCH;EXCEPTION;WEAKMUTATION;OUTPUT;METHOD;METHODNOEXCEPTION;CBRANCH,1,BUDGET,96,0.3,3,73,198,143292,1507611657682,0.8888888888888888,111101111111111111111111101111111111111111111111111111100011111111111111111111111111111000001111111111001111111111111011111110,0.9078947368421053,1110111111111111111111111111111111111111111111011100111111111100111111101111,0.7555555555555555,111111111101111110111101110101011111011101000,25,5,8,2,0.7086614173228346,11111100000000000000111111101111111111111111111111111111111111111111111111111111111100000000000000000000000000011111111111111111101111111111111110000000000000000000000000000001111111111111111111111111111111101111111111111111111111111111111111111111111111,0.22943722943722944,011000000000000100100100011101001001001001001000000000000000000000001100100100100010010010001001001000100100100010010010001001001000000000000000000000001000000000010010010010010010001001001000100100100000000000001001001000100100100,0.9433962264150944,11111111111111111111111111111111011111111111110101111,0.7358490566037735,10011111111101111111001111111001001111110111110101100,0.868421052631579,0111110111111011111111111111111111111110111111101100111111111100111111011111
