TARGET_CLASS,configuration_id,criterion,ctg_min_time_per_job,ctg_schedule,search_budget,p_object_pool,ctg_time_per_class,Size,Length,Total_Time,Random_Seed,LineCoverage,LineCoverageBitString,BranchCoverage,BranchCoverageBitString,ExceptionCoverage,ExceptionCoverageBitString,Explicit_MethodExceptions,Explicit_TypeExceptions,Implicit_MethodExceptions,Implicit_TypeExceptions,WeakMutationScore,WeakMutationCoverageBitString,OutputCoverage,OutputCoverageBitString,MethodCoverage,MethodCoverageBitString,MethodNoExceptionCoverage,MethodNoExceptionCoverageBitString,CBranchCoverage,CBranchCoverageBitString
org.asynchttpclient.netty.util.Utf8ByteBufCharsetDecoder,default,LINE;BRANCH;EXCEPTION;WEAKMUTATION;OUTPUT;METHOD;METHODNOEXCEPTION;CBRANCH,1,BUDGET,78,0.3,2,19,100,122165,1507605819171,0.6,1111111111110111111111111111111111111111011110111111111000010000000000000000000000011111110000000000,0.5277777777777778,111111110011111000000000000000000000000000100011111011111101111111111111,0.9,0111111111,0,0,8,4,0.3667711598746082,1111101111111111110110000000000000000000000000000000000000000000000000000000000000000000000000000000000000000000000000000000000000000000000000000000000000000000000000000000000000000000000000000000000000000000000100001111100111111111111110111111111111111111111110111111111111111111111111101111111111111111111111111111110,0.15384615384615385,000000000000000000000000000110010010110,1.0,11111111,1.0,11111111,0.4444444444444444,111110111011111000000000000000000000000000001011111000001110111110101111
