TARGET_CLASS,configuration_id,criterion,ctg_min_time_per_job,ctg_schedule,search_budget,p_object_pool,ctg_time_per_class,Size,Length,Total_Time,Random_Seed,LineCoverage,LineCoverageBitString,BranchCoverage,BranchCoverageBitString,ExceptionCoverage,ExceptionCoverageBitString,Explicit_MethodExceptions,Explicit_TypeExceptions,Implicit_MethodExceptions,Implicit_TypeExceptions,WeakMutationScore,WeakMutationCoverageBitString,OutputCoverage,OutputCoverageBitString,MethodCoverage,MethodCoverageBitString,MethodNoExceptionCoverage,MethodNoExceptionCoverageBitString,CBranchCoverage,CBranchCoverageBitString
org.joda.time.MutableDateTime,default,LINE;BRANCH;EXCEPTION;WEAKMUTATION;OUTPUT;METHOD;METHODNOEXCEPTION;CBRANCH,1,BUDGET,163,0.3,3,106,1352,248930,1507607138614,0.9392712550607287,1111001111111111111111111111111111111111111111111111111111111111111111001111111111111111111111111111111111111111111111111111111111111111111010001111111111111111111111111111111111111111111111111111111111111111111111111111111100001111111111111111000,0.9666666666666667,111111111011111110111111111111111111111111111111111111111111111111111111111111111111111111111111111111011101111111111111111111111111111111111101111111,1.0,11111111111111111111111111111111111111111111111,45,4,2,1,0.9971305595408895,1111111111111111111111111111111111111111111111111111111111111111111111111111111111111111101111111111111111111111111111111111111111111111111111111111111111111111111111111111111111111111111111111111111111111111111111111111111111111111111111111111111111111111111111111111111111111111111111111111111111111111111111111111111111111111111111111111111111111111111111111111111111111111111111111111111111111111111111111111111111111111111111111111111111111111111111111111111111111111111111111111111111111111111111111111111111111111111111111111111111111111111111111111111111111111111111111111111111111111111111111111111111111111111111111111111111111111111111111111111111111111111111111111111111111101111111111,0.4827586206896552,101011100101010101001011101010101010110001001100100110010110001010100101010101010101010,1.0,1111111111111111111111111111111111111111111111111111111111111111111111111111111111111111111111111111,0.99,1101111111111111111111111111111111111111111111111111111111111111111111111111111111111111111111111111,0.9266666666666666,111111111111101111111111111111111111111011110111111111111111111111111111111111111111111111111110110001100011111111111111111111111111111111111101111111
