TARGET_CLASS,configuration_id,criterion,ctg_min_time_per_job,ctg_schedule,search_budget,p_object_pool,ctg_time_per_class,Size,Length,Total_Time,Random_Seed,LineCoverage,LineCoverageBitString,BranchCoverage,BranchCoverageBitString,ExceptionCoverage,ExceptionCoverageBitString,Explicit_MethodExceptions,Explicit_TypeExceptions,Implicit_MethodExceptions,Implicit_TypeExceptions,WeakMutationScore,WeakMutationCoverageBitString,OutputCoverage,OutputCoverageBitString,MethodCoverage,MethodCoverageBitString,MethodNoExceptionCoverage,MethodNoExceptionCoverageBitString,CBranchCoverage,CBranchCoverageBitString
org.asynchttpclient.util.Utf8UrlEncoder,default,LINE;BRANCH;EXCEPTION;WEAKMUTATION;OUTPUT;METHOD;METHODNOEXCEPTION;CBRANCH,1,BUDGET,97,0.3,2,20,269,152990,1507609531173,0.75,001111111111100000000110011111111111111111111110001111111111,0.8108108108108109,1111111111111011111110011111111100100,1.0,111111111,0,0,9,2,0.5600961538461539,11111111111111111111111111111111111111111111101111111111101111111111111111111111111001111111111111111111111000000000111111011111111111111111111111111111111111111111111111111111111110000011111111111111011111111111111111110011111111111111001111111111111111101100000000000000000000000000000000000000000000000000000000000000000000000000000000000000000000000000000000000000000000000000000000000000000000000000000000000000,0.8235294117647058,10111111110110111,1.0,1111111,1.0,1111111,0.8108108108108109,1111111111111011111110011111110110100
