TARGET_CLASS,configuration_id,criterion,ctg_min_time_per_job,ctg_schedule,search_budget,p_object_pool,ctg_time_per_class,Size,Length,Total_Time,Random_Seed,LineCoverage,LineCoverageBitString,BranchCoverage,BranchCoverageBitString,ExceptionCoverage,ExceptionCoverageBitString,Explicit_MethodExceptions,Explicit_TypeExceptions,Implicit_MethodExceptions,Implicit_TypeExceptions,WeakMutationScore,WeakMutationCoverageBitString,OutputCoverage,OutputCoverageBitString,MethodCoverage,MethodCoverageBitString,MethodNoExceptionCoverage,MethodNoExceptionCoverageBitString,CBranchCoverage,CBranchCoverageBitString
org.joda.time.chrono.ZonedChronology,default,LINE;BRANCH;EXCEPTION;WEAKMUTATION;OUTPUT;METHOD;METHODNOEXCEPTION;CBRANCH,1,BUDGET,125,0.3,3,58,251,164589,1507609531713,0.4728682170542636,000000000000000000000000000000000000000000000000000000000000000000000001100000000000000000000000010000000011111111111110110111011011101101010000011111111111111111111111111111011110110111111111111111111111110000111111111111001111101000111011011000001111111101,0.432258064516129,00000000111110111111111110111111111111001000011110000000000000000000000000000000000000000110100000001010111110000101000001111111110111111111110101000000000,1.0,1,1,1,0,0,0.4710059171597633,11000011111111011000000000000000000000000000000000000000000000000000000000000000000000000000000000000000000000000000000000000000000000000000000000000000000000000000000000000000000000000000000000000000000000000000000000000000000000000000000000000000000000000000000000000000000000000000000001100001111111111111111100000000000000000000000001111111111111111111100111111111111100111111111111111111111100111111111111111111111111111111110111111111110111100000000000000000000000000000000000011010000001001111111111111111111111111111111000000000011111100000110101111111101000000000011111111000000011111111111111110000000000111111000001111111111110111110000000010111111111111111111111111111111111111111111111111111111111000111111111111111111111111111111111111111111111111111111111111111111111111111111111111111111101111111111000111101000000000000000000100,0.08333333333333333,000000000000000000110000,0.8070175438596491,000001000100111111111111111111111110111111111111111111111,0.6491228070175439,000000000100100011101110111111111110111111111101111111001,0.432258064516129,10100111101111111111011111000110111001101000011110000000000000000000000000000000000000000110000100001011011110000101000001111111101111111110111010100000000
