TARGET_CLASS,configuration_id,criterion,ctg_min_time_per_job,ctg_schedule,search_budget,p_object_pool,ctg_time_per_class,Size,Length,Total_Time,Random_Seed,LineCoverage,LineCoverageBitString,BranchCoverage,BranchCoverageBitString,ExceptionCoverage,ExceptionCoverageBitString,Explicit_MethodExceptions,Explicit_TypeExceptions,Implicit_MethodExceptions,Implicit_TypeExceptions,WeakMutationScore,WeakMutationCoverageBitString,OutputCoverage,OutputCoverageBitString,MethodCoverage,MethodCoverageBitString,MethodNoExceptionCoverage,MethodNoExceptionCoverageBitString,CBranchCoverage,CBranchCoverageBitString
org.joda.time.Minutes,default,LINE;BRANCH;EXCEPTION;WEAKMUTATION;OUTPUT;METHOD;METHODNOEXCEPTION;CBRANCH,1,BUDGET,113,0.3,3,67,201,141179,1507833567465,0.8524590163934426,1111111111111111111111111110100001011101111101111110111111111,0.9298245614035088,111111111111101111111111111111000111111111111111111111111,0.9375,1111111111111101,11,3,4,2,0.9276595744680851,1111111111111111111111111111111111111100011000000001111111000111111000111111111111111111111111111111111111111111111111111111111111111111111111111111111111111111111111111111111111111111111111111111111111111111111111111111111111111111111,0.5231788079470199,1110100101110100111111101001110100111010000000000000000001010011101001110100001010011101001110100001010011101001111111111111110111010011101001110100010,1.0,111111111111111111111111,0.9166666666666666,111111111001111111111111,0.9298245614035088,111111101111111111111111111110010111111111111111111111111
