TARGET_CLASS,configuration_id,criterion,ctg_min_time_per_job,ctg_schedule,search_budget,p_object_pool,ctg_time_per_class,Size,Length,Total_Time,Random_Seed,LineCoverage,LineCoverageBitString,BranchCoverage,BranchCoverageBitString,ExceptionCoverage,ExceptionCoverageBitString,Explicit_MethodExceptions,Explicit_TypeExceptions,Implicit_MethodExceptions,Implicit_TypeExceptions,WeakMutationScore,WeakMutationCoverageBitString,OutputCoverage,OutputCoverageBitString,MethodCoverage,MethodCoverageBitString,MethodNoExceptionCoverage,MethodNoExceptionCoverageBitString,CBranchCoverage,CBranchCoverageBitString
org.joda.time.chrono.GregorianChronology,default,LINE;BRANCH;EXCEPTION;WEAKMUTATION;OUTPUT;METHOD;METHODNOEXCEPTION;CBRANCH,1,BUDGET,94,0.3,3,22,47,116370,1507834724164,0.8448275862068966,1111111111011111111111111011111111101111111111000000111111,0.8095238095238095,111111111111111011011000001111111111111110,1.0,11,1,1,1,1,0.8986486486486487,11111111111111111110111111111111111111111110000000000000000000000001111111111111110111111111111111111111111111111111111111111111111110111111111111111111111111111111111111111111111111111111111111111101111111111111111101111111110111111111111111111111111111111111111111111111111111111111111111111111,0.4857142857142857,11101001001001010101010010100111010,1.0,111111111111111,1.0,111111111111111,0.6904761904761905,111111111111100010000000001111111111111101
