TARGET_CLASS,configuration_id,criterion,ctg_min_time_per_job,ctg_schedule,search_budget,p_object_pool,ctg_time_per_class,Size,Length,Total_Time,Random_Seed,LineCoverage,LineCoverageBitString,BranchCoverage,BranchCoverageBitString,ExceptionCoverage,ExceptionCoverageBitString,Explicit_MethodExceptions,Explicit_TypeExceptions,Implicit_MethodExceptions,Implicit_TypeExceptions,WeakMutationScore,WeakMutationCoverageBitString,OutputCoverage,OutputCoverageBitString,MethodCoverage,MethodCoverageBitString,MethodNoExceptionCoverage,MethodNoExceptionCoverageBitString,CBranchCoverage,CBranchCoverageBitString
edu.illinois.starts.asm.FieldWriter,default,LINE;BRANCH;EXCEPTION;WEAKMUTATION;OUTPUT;METHOD;METHODNOEXCEPTION;CBRANCH,1,BUDGET,55,0.3,2,27,124,71429,1508102004780,1.0,11111111111111111111111111111111111111111111111111111111111111111111111111111111111111111111111111111111111111111111,0.9615384615384616,111111111111111111011111111111111111111101111111111111111111110111111111111111,1.0,11111111111,1,1,10,3,0.9507042253521126,11111111111111111111111111111111111111111101111111111111101111111111111111101111111111101011111111111111011111111111111111111111111111111111111111111111111111111111101111111111111111111111111111111101111111111111110111111111111111110111111111110101111111111111110111111110111111111111,0.42857142857142855,0101010,1.0,1111111,1.0,1111111,0.9615384615384616,111111111111111111011111111111111111111101111111111111111111011111111111111111
