TARGET_CLASS,configuration_id,criterion,ctg_min_time_per_job,ctg_schedule,search_budget,p_object_pool,ctg_time_per_class,Size,Length,Total_Time,Random_Seed,LineCoverage,LineCoverageBitString,BranchCoverage,BranchCoverageBitString,ExceptionCoverage,ExceptionCoverageBitString,Explicit_MethodExceptions,Explicit_TypeExceptions,Implicit_MethodExceptions,Implicit_TypeExceptions,WeakMutationScore,WeakMutationCoverageBitString,OutputCoverage,OutputCoverageBitString,MethodCoverage,MethodCoverageBitString,MethodNoExceptionCoverage,MethodNoExceptionCoverageBitString,CBranchCoverage,CBranchCoverageBitString
org.joda.time.base.AbstractInterval,default,LINE;BRANCH;EXCEPTION;WEAKMUTATION;OUTPUT;METHOD;METHODNOEXCEPTION;CBRANCH,1,BUDGET,135,0.3,3,72,300,186219,1507609140773,1.0,11111111111111111111111111111111111111111111111111111111111111111111111111111111,0.9420289855072463,111111111111111111111111111011101101111111111111111111111111111111101,1.0,1,0,0,1,1,0.9642857142857143,111111111111111111111111111111111111111111111111111111111111011111011111100111101010011111111111111111111111111111111111111111111111111111111111101111111111111111111111111111111111111111111111111111111111111111111111111111111111111111111111111111111111,0.7948717948717948,111111111111101110111111101111111111110110110110110110011111111011111101010010,0.9615384615384616,01111111111111111111111111,0.9615384615384616,01111111111111111111111111,0.9420289855072463,111111111111111111111111110111101101111111111111111111111111111111101
