TARGET_CLASS,configuration_id,criterion,ctg_min_time_per_job,ctg_schedule,search_budget,p_object_pool,ctg_time_per_class,Size,Length,Total_Time,Random_Seed,LineCoverage,LineCoverageBitString,BranchCoverage,BranchCoverageBitString,ExceptionCoverage,ExceptionCoverageBitString,Explicit_MethodExceptions,Explicit_TypeExceptions,Implicit_MethodExceptions,Implicit_TypeExceptions,WeakMutationScore,WeakMutationCoverageBitString,OutputCoverage,OutputCoverageBitString,MethodCoverage,MethodCoverageBitString,MethodNoExceptionCoverage,MethodNoExceptionCoverageBitString,CBranchCoverage,CBranchCoverageBitString
org.joda.time.Partial,default,LINE;BRANCH;EXCEPTION;WEAKMUTATION;OUTPUT;METHOD;METHODNOEXCEPTION;CBRANCH,1,BUDGET,250,0.3,3,111,578,312156,1507824957387,0.7316176470588235,00111111111100111111110111111111111111001111111111000111111111100110000000000000000000000000001110011111111111111111111110001111111111111111111111111111111111111111111111110000000000000000111111100111101111110111110111110111110111111100111111111111111111101101111110111011,0.7013888888888888,111111111111111111111111111111111111101111111101100000000000000000000011111111111000000000000000111111111111101110100011111111111111111111111111,0.9827586206896551,1111111111111111111111111111111111111111111111111111111101,18,2,39,3,0.7864077669902912,1111111111101111111111101111111000000000000000000000000000000000000001111111101111111111111111111111111111111111111111111111111111111111111111111111111111111111111111111111111111111111111111111111101111111110111111111110000000000000000000000111111110100000000000000000111111111011111111111111111110111111111011111111111111111111111111111111111011111101111111111111111111111111111111111111111111111111111111111111,0.47619047619047616,110010110010100101110111001110110011011100110100100100100100011001000100010001100110,0.9555555555555556,111111111111111111111111111111111111001111111,0.6666666666666666,011001100101111111111111111111111100001100000,0.6736111111111112,111111111011011110111111111111111111011111011110010000000000000000000011111111110100000000000000111111111111101101100011111111111111111111111111
