TARGET_CLASS,configuration_id,criterion,ctg_min_time_per_job,ctg_schedule,search_budget,p_object_pool,ctg_time_per_class,Size,Length,Total_Time,Random_Seed,LineCoverage,LineCoverageBitString,BranchCoverage,BranchCoverageBitString,ExceptionCoverage,ExceptionCoverageBitString,Explicit_MethodExceptions,Explicit_TypeExceptions,Implicit_MethodExceptions,Implicit_TypeExceptions,WeakMutationScore,WeakMutationCoverageBitString,OutputCoverage,OutputCoverageBitString,MethodCoverage,MethodCoverageBitString,MethodNoExceptionCoverage,MethodNoExceptionCoverageBitString,CBranchCoverage,CBranchCoverageBitString
org.joda.time.chrono.JulianChronology,default,LINE;BRANCH;EXCEPTION;WEAKMUTATION;OUTPUT;METHOD;METHODNOEXCEPTION;CBRANCH,1,BUDGET,94,0.3,3,25,51,114579,1507834976970,0.7205882352941176,11110011111111111111111111111111111011111000000000011111000000111111,0.75,11111111111111101111101000000000111111111111,0.6,10011,2,1,0,0,0.8211382113821138,111110111001000111111111111111111111101111111111111000000000000000000000000000000000011111111111111111111111111111011111111111111111111011111111111111111111111111110111111111111111111111111111111111111111111111111111111111111111111111111111111111,0.5121951219512195,11111001001001001011010101010010100111010,1.0,111111111111111111,1.0,111111111111111111,0.75,11111111111111101111100100000000111111111111
