TARGET_CLASS,configuration_id,criterion,ctg_min_time_per_job,ctg_schedule,search_budget,p_object_pool,ctg_time_per_class,Size,Length,Total_Time,Random_Seed,LineCoverage,LineCoverageBitString,BranchCoverage,BranchCoverageBitString,ExceptionCoverage,ExceptionCoverageBitString,Explicit_MethodExceptions,Explicit_TypeExceptions,Implicit_MethodExceptions,Implicit_TypeExceptions,WeakMutationScore,WeakMutationCoverageBitString,OutputCoverage,OutputCoverageBitString,MethodCoverage,MethodCoverageBitString,MethodNoExceptionCoverage,MethodNoExceptionCoverageBitString,CBranchCoverage,CBranchCoverageBitString
org.joda.time.TimeOfDay,default,LINE;BRANCH;EXCEPTION;WEAKMUTATION;OUTPUT;METHOD;METHODNOEXCEPTION;CBRANCH,1,BUDGET,85,0.3,3,82,751,135836,1507835698523,0.7814569536423841,1111111101111111111111111111111111111111111111111111111111110011111011111001111111111111110111111111111111111111111111111111100000000000000000000000000,0.7954545454545454,0000000000000101111010111011111110111111111111111111111111111111111111111111111111111111,1.0,111111111111111111111111111111111111,25,4,11,3,0.8759305210918115,1111111111111111111111111111111111111111111111111111111111111111111111111111111111100111111111111111111111111111111111111111111111111111111111111111111111111111111111111111111111111111101111111111111111111111111111111111111111111111111111111111111111111111111111111111111111111111111111111111111111111111111111111111111111111111111111111111111111111111111100000000000000000000000000000000000000000000000,0.5526992287917738,01101101101101000110110110110100011011011011010001101101101101001010010011011011011011011011011010001101101101101000110110110110100011011011011010001101101101101000110110110110100011011011011010001101101101101000110110110110100011011011011010001001100100010001001101101101101000110110110110100011011011011010001101101101101000110110110110100011011011011010001101101101101000110110110110100,0.8032786885245902,1111111111111111111111111111111111111111111111111000000000000,0.7868852459016393,1111111111111011111111111111111111111111111111111000000000000,0.7840909090909091,1101101001110011100011111011101111101010100111111111011011011111111111111111111111111111
