TARGET_CLASS,configuration_id,criterion,ctg_min_time_per_job,ctg_schedule,search_budget,p_object_pool,ctg_time_per_class,Size,Length,Total_Time,Random_Seed,LineCoverage,LineCoverageBitString,BranchCoverage,BranchCoverageBitString,ExceptionCoverage,ExceptionCoverageBitString,Explicit_MethodExceptions,Explicit_TypeExceptions,Implicit_MethodExceptions,Implicit_TypeExceptions,WeakMutationScore,WeakMutationCoverageBitString,OutputCoverage,OutputCoverageBitString,MethodCoverage,MethodCoverageBitString,MethodNoExceptionCoverage,MethodNoExceptionCoverageBitString,CBranchCoverage,CBranchCoverageBitString
edu.illinois.starts.asm.ByteVector,default,LINE;BRANCH;EXCEPTION;WEAKMUTATION;OUTPUT;METHOD;METHODNOEXCEPTION;CBRANCH,1,BUDGET,46,0.3,2,34,121,60563,1508102231056,0.9016393442622951,11111111111100011111111111110000001111111111111111111111111111111111111111111111111111111111111111111111111011111111110011,0.7884615384615384,1111111111111110111101011101010011111111010100111111,1.0,111111111111111111111,1,1,20,4,0.9127234490010515,111011111111111110111111111111111111011111111111111111110101111111111101111111111111111111111011111111111111111110011111111111111110111111111111111111011111111111111111111110011111111111101111111111111111111101111111111111111111111011111111111111011111100111111111111111101111111111111111101111111111111111101111111111111111110111111111111111111111111111100111111111111111101111111111111111101111111111111111101111111111101111111111111111101111111111111111101111111111111111101111111111111111111111110011110111111111111111111111111111111111111100111111111111111100111111111111111111111111110111111111111111111110101111111111100000000000000000111111011111101111111111111111111111011111111111111111111101111100000000000000000001111111111111111111111111111111111111111111111111111111111111111111111110111111111111111111111111111111111111111111111111111111111111111111111111111111111111111111111111111111111111111111111111111111111111111111111111111111111,0.5,101010101010101010,1.0,11111111111,1.0,11111111111,0.7884615384615384,1111111111111110111111001100110011111111100100111111
