TARGET_CLASS,configuration_id,criterion,ctg_min_time_per_job,ctg_schedule,search_budget,p_object_pool,ctg_time_per_class,Size,Length,Total_Time,Random_Seed,LineCoverage,LineCoverageBitString,BranchCoverage,BranchCoverageBitString,ExceptionCoverage,ExceptionCoverageBitString,Explicit_MethodExceptions,Explicit_TypeExceptions,Implicit_MethodExceptions,Implicit_TypeExceptions,WeakMutationScore,WeakMutationCoverageBitString,OutputCoverage,OutputCoverageBitString,MethodCoverage,MethodCoverageBitString,MethodNoExceptionCoverage,MethodNoExceptionCoverageBitString,CBranchCoverage,CBranchCoverageBitString
org.joda.time.LocalTime,default,LINE;BRANCH;EXCEPTION;WEAKMUTATION;OUTPUT;METHOD;METHODNOEXCEPTION;CBRANCH,1,BUDGET,241,0.3,3,149,401,331263,1507825279488,0.951417004048583,1111111111111111111111111111111111111111111111111111111111111111111111111111111111111111111111111111111111111111111111111111111111111111111111111111111111111111111111110000011111111111111111111111111111111111111111111111111111111100001111111111000,0.9485714285714286,1111111111011111101111111111111111111111111111111111111111111111111110000111111111111111111111111111111011111111111110111111101111111111111111111111111111111111111111111111111,0.975,1111111111111111111111111111111111011111,30,7,8,1,0.978125,11111111111111111111111111111111111111111111111111111111100001111111111111111111111111111111111110111111111111111111111111111111111111111111111011111111111111111111111111111111111111111111111111111111111111111111111111111111111111111111111111111111111111111111111111111111111111111111111111111111111111111111111101111111,0.372972972972973,11111010001000100010001110100110110110110110110111011111010010001000100010001001001000100010001000100010001000100010001001010010011001000100100100100010001000100010001000100010001000100,0.9885057471264368,111111111111111111111111111111111111111111111111111111111111111111111111111111111101111,0.9425287356321839,111101111011111111111111111111111111111111111111111111111111111111111111111111111100011,0.9428571428571428,1111111111111111111101111011111111111111111111111111111111111111111110000111111111111111111101111111110111111111111111011111110111111111111111111111111111111111111111111111111
