TARGET_CLASS,configuration_id,criterion,ctg_min_time_per_job,ctg_schedule,search_budget,p_object_pool,ctg_time_per_class,Size,Length,Total_Time,Random_Seed,LineCoverage,LineCoverageBitString,BranchCoverage,BranchCoverageBitString,ExceptionCoverage,ExceptionCoverageBitString,Explicit_MethodExceptions,Explicit_TypeExceptions,Implicit_MethodExceptions,Implicit_TypeExceptions,WeakMutationScore,WeakMutationCoverageBitString,OutputCoverage,OutputCoverageBitString,MethodCoverage,MethodCoverageBitString,MethodNoExceptionCoverage,MethodNoExceptionCoverageBitString,CBranchCoverage,CBranchCoverageBitString
org.asynchttpclient.uri.UriParser,default,LINE;BRANCH;EXCEPTION;WEAKMUTATION;OUTPUT;METHOD;METHODNOEXCEPTION;CBRANCH,1,BUDGET,340,0.3,2,28,71,427491,1507616537840,0.9055555555555556,111111111110000000000000111111111111111111111111111111111111111111111100111111111111111111111111111111111111111111111111111111111111111101101111111111111111111111111111111111111111,0.8618421052631579,11111111111111111111010101111111111111111111111111111111111111111111011111111011100000000011111111011101111111111111111111110110101111110101111111111111,1.0,11,1,1,1,1,0.8645962732919255,1111111111111111101111111111111111111111101111111111111111011111111111111111111111111111111111111111111111111111111010111111110101111111101011111111011111110111111111111111111111111111111111111111111111111111111111111111011111111111111111111111111111111111111111111111111111111111111111111111111111111111011111111111111111100111111111110111111111111111111111111111111111110111111111111101111111111111111111111110000000000001011111110110100000000000000000000000000000000000000000000000000000000111111111111101111111111111011111111111111111110111111111111111110111111110111111111111111111111001111111111111110111111111111111111111111111111111011111101111111011111111111111111111111110111111111111111111101111111111111111111110100000111111111111111111111111111111110111111111111111111111111111111111111111111,1.0,,1.0,11,1.0,11,0.8618421052631579,11111111111111111110010111111111111111111111111111111111111111111111101111111010110000000011111111011110111111111111111111111001011111110011111111111111
