TARGET_CLASS,configuration_id,criterion,ctg_min_time_per_job,ctg_schedule,search_budget,p_object_pool,ctg_time_per_class,Size,Length,Total_Time,Random_Seed,LineCoverage,LineCoverageBitString,BranchCoverage,BranchCoverageBitString,ExceptionCoverage,ExceptionCoverageBitString,Explicit_MethodExceptions,Explicit_TypeExceptions,Implicit_MethodExceptions,Implicit_TypeExceptions,WeakMutationScore,WeakMutationCoverageBitString,OutputCoverage,OutputCoverageBitString,MethodCoverage,MethodCoverageBitString,MethodNoExceptionCoverage,MethodNoExceptionCoverageBitString,CBranchCoverage,CBranchCoverageBitString
org.joda.time.chrono.ZonedChronology,default,LINE;BRANCH;EXCEPTION;WEAKMUTATION;OUTPUT;METHOD;METHODNOEXCEPTION;CBRANCH,1,BUDGET,125,0.3,3,54,234,158888,1507832124725,0.4689922480620155,000000000000000000000000000000000000000000000000000000000000000000000001100000000000000000000000010000000011111111111000110100011010001101010000011111111111111111111111111111111111110111111000111100011111110000111111111111111111111000111111111111011111111101,0.45806451612903226,00000000111111111111111111111110111110101000011110000000000000000000000000000000000000000111101101101111111111000111000001110101010101010101111101000000000,1.0,1,1,1,0,0,0.4390532544378698,11000011111111011000000000000000000000000000000000000000000000000000000000000000000000000000000000000000000000000000000000000000000000000000000000000000000000000000000000000000000000000000000000000000000000000000000000000000000000000000000000000000000000000000000000000000000000000000000001111011111111111111111111111111111111111111111111111111111111111111100111111111111111111111111111111111111111111111111111111111111111111111110111111111110111111111111101011111010000000000000011111110000001001111111111111111100000000000000000000000011111100000110000000000000000000000011111111000000011000000000000000000000000111111000001111111111110111110000000010111111111111111000111111111111111111111000111111111111111000011111100110000000000000000011111111110000000000000000011111111111111111111111111111111111101111111111101111101000000000000000000100,0.08333333333333333,000000000000000000110000,0.7894736842105263,000001000100111110111111111111110111111111111111111111111,0.6666666666666666,000000000100100010111100111111110111111111110111111111111,0.45806451612903226,11100111101111111111011111000110111001101000011110000000000000000000000000000000000000000110111011110111111111000110100001101101001011010101111011000000000
