TARGET_CLASS,configuration_id,criterion,ctg_min_time_per_job,ctg_schedule,search_budget,p_object_pool,ctg_time_per_class,Size,Length,Total_Time,Random_Seed,LineCoverage,LineCoverageBitString,BranchCoverage,BranchCoverageBitString,ExceptionCoverage,ExceptionCoverageBitString,Explicit_MethodExceptions,Explicit_TypeExceptions,Implicit_MethodExceptions,Implicit_TypeExceptions,WeakMutationScore,WeakMutationCoverageBitString,OutputCoverage,OutputCoverageBitString,MethodCoverage,MethodCoverageBitString,MethodNoExceptionCoverage,MethodNoExceptionCoverageBitString,CBranchCoverage,CBranchCoverageBitString
org.joda.time.Interval,default,LINE;BRANCH;EXCEPTION;WEAKMUTATION;OUTPUT;METHOD;METHODNOEXCEPTION;CBRANCH,1,BUDGET,124,0.3,3,83,263,160121,1507832802190,0.9908256880733946,1111111111111111111111111111111111111111111111111111111111111101111111111111111111111111111111111111111111111,0.9516129032258065,11111111111111111111111011101011111111111111111111111111111111,1.0,111111111111111111111111111,26,3,1,1,0.9875,1111111111111111011111111111111101111111111111111111111111111111111111111111111111111111111111111111111111111111111111111111111111111111111111111111111111111111,0.76,1101011111101111011011001001001111110111111011111101111110110111011111101111110111111011011001111110,1.0,1111111111111111111111111,1.0,1111111111111111111111111,0.9516129032258065,11111111111111111111111001111011111111111111111111111111111111
