TARGET_CLASS,configuration_id,criterion,ctg_min_time_per_job,ctg_schedule,search_budget,p_object_pool,ctg_time_per_class,Size,Length,Total_Time,Random_Seed,LineCoverage,LineCoverageBitString,BranchCoverage,BranchCoverageBitString,ExceptionCoverage,ExceptionCoverageBitString,Explicit_MethodExceptions,Explicit_TypeExceptions,Implicit_MethodExceptions,Implicit_TypeExceptions,WeakMutationScore,WeakMutationCoverageBitString,OutputCoverage,OutputCoverageBitString,MethodCoverage,MethodCoverageBitString,MethodNoExceptionCoverage,MethodNoExceptionCoverageBitString,CBranchCoverage,CBranchCoverageBitString
org.joda.time.chrono.AssembledChronology,default,LINE;BRANCH;EXCEPTION;WEAKMUTATION;OUTPUT;METHOD;METHODNOEXCEPTION;CBRANCH,1,BUDGET,223,0.3,3,55,144,297828,1507603942330,0.9731182795698925,111111111111111111111111111111011111111111110001111111111111111111111111111111111111111111111111111111111111111111111111111111111111111101111111111111111111111111111111111111111111111111,0.6330275229357798,11111111111111111101111111111111111111110101110111111111010101010101010101010111010101010101010101010101010101010101010101010111110101011111010101010101010101010101011001010101010101010101010101010101010101010101011010,1.0,111,0,0,0,0,0.99,1111111111111111110111111111111111111111111111111111111111111111111111111111111111111011111111111111111111111111111111111111111111111111111111111111111111111111111111111111111111111111111111111111111111111111111111111111111111111111111111111111111111111111111111111111111111111111111111111111111111111111111111111111111111111111111111111111111111111111111111111111111111111111111111111111111111111010,0.5529411764705883,1010101010101010101011110110111111010101010101010101010101010101010101010101010101010,1.0,11111111111111111111111111111111111111111111,1.0,11111111111111111111111111111111111111111111,0.6330275229357798,11111111111111111111111111101111111111111011011110111111100110100101100110100111011010101001011010101001011010011010010110011011110101011111010110100110100101011001100101011010100110010110100110100101010101101001101010
