TARGET_CLASS,configuration_id,criterion,ctg_min_time_per_job,ctg_schedule,search_budget,p_object_pool,ctg_time_per_class,Size,Length,Total_Time,Random_Seed,LineCoverage,LineCoverageBitString,BranchCoverage,BranchCoverageBitString,ExceptionCoverage,ExceptionCoverageBitString,Explicit_MethodExceptions,Explicit_TypeExceptions,Implicit_MethodExceptions,Implicit_TypeExceptions,WeakMutationScore,WeakMutationCoverageBitString,OutputCoverage,OutputCoverageBitString,MethodCoverage,MethodCoverageBitString,MethodNoExceptionCoverage,MethodNoExceptionCoverageBitString,CBranchCoverage,CBranchCoverageBitString
org.joda.time.convert.StringConverter,default,LINE;BRANCH;EXCEPTION;WEAKMUTATION;OUTPUT;METHOD;METHODNOEXCEPTION;CBRANCH,1,BUDGET,165,0.3,3,32,121,200070,1507829026325,0.651685393258427,11111111110000000000000000000000001111111111111111111111111111111100000111110111111111110,0.4533333333333333,111111111111110011000000000000000000000000000000111111111011101100000011110,1.0,11111111111111111,7,3,10,2,0.7471910112359551,1101111111111101111111110111111111011111111101111110110111111111111101001111111111111010101111100000000000000000000000000011111001111101111111111111111111111011111111111111101111,0.32,0000000100101010101010100,1.0,1111111,0.5714285714285714,1001110,0.4533333333333333,111111111111101100100000000000000000000000000001011111111101100110000011110
