TARGET_CLASS,configuration_id,criterion,ctg_min_time_per_job,ctg_schedule,search_budget,p_object_pool,ctg_time_per_class,Size,Length,Total_Time,Random_Seed,LineCoverage,LineCoverageBitString,BranchCoverage,BranchCoverageBitString,ExceptionCoverage,ExceptionCoverageBitString,Explicit_MethodExceptions,Explicit_TypeExceptions,Implicit_MethodExceptions,Implicit_TypeExceptions,WeakMutationScore,WeakMutationCoverageBitString,OutputCoverage,OutputCoverageBitString,MethodCoverage,MethodCoverageBitString,MethodNoExceptionCoverage,MethodNoExceptionCoverageBitString,CBranchCoverage,CBranchCoverageBitString
org.asynchttpclient.DefaultAsyncHttpClient,default,LINE;BRANCH;EXCEPTION;WEAKMUTATION;OUTPUT;METHOD;METHODNOEXCEPTION;CBRANCH,1,BUDGET,68,0.3,2,5,17,88386,1508113573609,0.11688311688311688,00111111000000000000000000000000000000000000001110000000000000000000000000000,0.13636363636363635,00000000001000010000000000111100000000000000,0.8333333333333334,011111,2,2,3,2,0.0,00000000000000000000000000000000000000,0.0,0000000000000000000000000000000000000000000000000000000000000000000000000000000000000000000000000000000000000000000000000000000000000000000000000000000000000,0.07407407407407407,110000000000000000000000000,0.0,000000000000000000000000000,0.11363636363636363,00001000000000000000000000111100000000000000
