TARGET_CLASS,configuration_id,criterion,ctg_min_time_per_job,ctg_schedule,search_budget,p_object_pool,ctg_time_per_class,Size,Length,Total_Time,Random_Seed,LineCoverage,LineCoverageBitString,BranchCoverage,BranchCoverageBitString,ExceptionCoverage,ExceptionCoverageBitString,Explicit_MethodExceptions,Explicit_TypeExceptions,Implicit_MethodExceptions,Implicit_TypeExceptions,WeakMutationScore,WeakMutationCoverageBitString,OutputCoverage,OutputCoverageBitString,MethodCoverage,MethodCoverageBitString,MethodNoExceptionCoverage,MethodNoExceptionCoverageBitString,CBranchCoverage,CBranchCoverageBitString
org.joda.time.Hours,default,LINE;BRANCH;EXCEPTION;WEAKMUTATION;OUTPUT;METHOD;METHODNOEXCEPTION;CBRANCH,1,BUDGET,126,0.3,3,74,246,175359,1507609340326,0.8333333333333334,111111111111111111101101000010110011111111111111101111110111111111,0.9104477611940298,1111011111111110111111111111111111111111000011111111111111111111111,1.0,111111111111111,10,3,5,2,0.9153005464480874,111111111111111111111111111111111111111111111111111111111111111111111111111111111111111111111111111111100000000001111100001000000000011111111110001111111111100011111111111111111111111111111111111111111111111111111111111111111111111111111111111111111111111111111111111111111111111111111111111111111111111111111111111111111111111111111111111111101111111111111111111111,0.5231788079470199,1110100101110100111010000000000000000001010011111110100111010011101001110100001010011101001110100001010011101001111111111111110111010011101001110100010,1.0,111111111111111111111111,0.9166666666666666,111110011111111111111111,0.8955223880597015,1111111111110110111111111111111011111110010011111111111111111111111
