TARGET_CLASS,configuration_id,criterion,ctg_min_time_per_job,ctg_schedule,search_budget,p_object_pool,ctg_time_per_class,Size,Length,Total_Time,Random_Seed,LineCoverage,LineCoverageBitString,BranchCoverage,BranchCoverageBitString,ExceptionCoverage,ExceptionCoverageBitString,Explicit_MethodExceptions,Explicit_TypeExceptions,Implicit_MethodExceptions,Implicit_TypeExceptions,WeakMutationScore,WeakMutationCoverageBitString,OutputCoverage,OutputCoverageBitString,MethodCoverage,MethodCoverageBitString,MethodNoExceptionCoverage,MethodNoExceptionCoverageBitString,CBranchCoverage,CBranchCoverageBitString
edu.illinois.starts.asm.AnnotationWriter,default,LINE;BRANCH;EXCEPTION;WEAKMUTATION;OUTPUT;METHOD;METHODNOEXCEPTION;CBRANCH,1,BUDGET,63,0.3,2,30,291,92821,1508101825666,0.7222222222222222,111111111111111111111111111111111111111111111111111111000011111111111111111111111111110000000000000000000000000000000000010111111111111111111111,0.6831683168316832,11111111111111111111110000010001000100010001000100011111111111111111111111111110101010101010101011111,1.0,1111111111111111111,1,1,18,3,0.9287257019438445,1111111111111111111111111111111111111111111111111111111111111111111111111111111111111111111111111111111111111111111111111111111111111111111111111111101111111111111111111111111111111111111111111111111111111101111111111011101111011011101010111111111101111111101011010111101010111111111111111111111111111111111111111111111111111111111111111111111111111111111111111111111101111111111111111111111111111000000000000001111111111111111111111111101111111111111111111111111,0.5714285714285714,0111010,1.0,1111111111,1.0,1111111111,0.6831683168316832,11111111111111111111110000010000100010010001000100011111111111111111111111110001111111000011011110111
