TARGET_CLASS,configuration_id,criterion,ctg_min_time_per_job,ctg_schedule,search_budget,p_object_pool,ctg_time_per_class,Size,Length,Total_Time,Random_Seed,LineCoverage,LineCoverageBitString,BranchCoverage,BranchCoverageBitString,ExceptionCoverage,ExceptionCoverageBitString,Explicit_MethodExceptions,Explicit_TypeExceptions,Implicit_MethodExceptions,Implicit_TypeExceptions,WeakMutationScore,WeakMutationCoverageBitString,OutputCoverage,OutputCoverageBitString,MethodCoverage,MethodCoverageBitString,MethodNoExceptionCoverage,MethodNoExceptionCoverageBitString,CBranchCoverage,CBranchCoverageBitString
org.joda.time.chrono.CopticChronology,default,LINE;BRANCH;EXCEPTION;WEAKMUTATION;OUTPUT;METHOD;METHODNOEXCEPTION;CBRANCH,1,BUDGET,87,0.3,3,17,34,107023,1507612575379,0.8153846153846154,11111111111111111111111111110111111111000001111111111000000111111,0.7105263157894737,11111111111110110110000011111000110111,1.0,111,3,2,0,0,0.8143459915611815,111111111111111111101111111111111111111111111111100000000000000000000000000000000001111111111011000001111111111111111111111101111111111111111111101111111111101111111111111111111111111111111111111111111111111111111111111111111111111111111,0.46153846153846156,11001010101010010100101010,1.0,1111111111111,1.0,1111111111111,0.5789473684210527,11111111110100100000000011110010110111
