TARGET_CLASS,configuration_id,criterion,ctg_min_time_per_job,ctg_schedule,search_budget,p_object_pool,ctg_time_per_class,Size,Length,Total_Time,Random_Seed,LineCoverage,LineCoverageBitString,BranchCoverage,BranchCoverageBitString,ExceptionCoverage,ExceptionCoverageBitString,Explicit_MethodExceptions,Explicit_TypeExceptions,Implicit_MethodExceptions,Implicit_TypeExceptions,WeakMutationScore,WeakMutationCoverageBitString,OutputCoverage,OutputCoverageBitString,MethodCoverage,MethodCoverageBitString,MethodNoExceptionCoverage,MethodNoExceptionCoverageBitString,CBranchCoverage,CBranchCoverageBitString
org.joda.time.MonthDay,default,LINE;BRANCH;EXCEPTION;WEAKMUTATION;OUTPUT;METHOD;METHODNOEXCEPTION;CBRANCH,1,BUDGET,96,0.3,3,73,207,139335,1507834296962,0.873015873015873,111101111111111111111111011111111111111111111111111111100011111111110111111101111111111000001111111111001111111011111011111111,0.8947368421052632,1110111111111111111111111111111111111111111111101100111111111100111111101110,0.8888888888888888,111111111010111111101111110111111111,25,4,6,2,0.7362204724409449,11111011111111111111111111101111111111111111111111011111111111111111111111111111111100000000000000000000000000011111111111111111101111111111111110000000000000000000000000000001111111111111111111111111111111111111111111111111111111111000000111111111111111,0.27705627705627706,011001001001000100100100011101001001101101101000000000000000000000001100100100100010010010001001001000100100100010010010001101101000000000000000000000001000100100010010000010010010001001001000100100100000000000001001001000110110100,0.9811320754716981,11111111111111111111111111111111111111111111111101111,0.8301886792452831,11111111111111111111001111111001111101110111011101101,0.8947368421052632,0111111111111111111111111111111111111111111111011100111111111100111111011110
