TARGET_CLASS,configuration_id,criterion,ctg_min_time_per_job,ctg_schedule,search_budget,p_object_pool,ctg_time_per_class,Size,Length,Total_Time,Random_Seed,LineCoverage,LineCoverageBitString,BranchCoverage,BranchCoverageBitString,ExceptionCoverage,ExceptionCoverageBitString,Explicit_MethodExceptions,Explicit_TypeExceptions,Implicit_MethodExceptions,Implicit_TypeExceptions,WeakMutationScore,WeakMutationCoverageBitString,OutputCoverage,OutputCoverageBitString,MethodCoverage,MethodCoverageBitString,MethodNoExceptionCoverage,MethodNoExceptionCoverageBitString,CBranchCoverage,CBranchCoverageBitString
org.joda.time.DateTimeUtils,default,LINE;BRANCH;EXCEPTION;WEAKMUTATION;OUTPUT;METHOD;METHODNOEXCEPTION;CBRANCH,1,BUDGET,116,0.3,3,52,111,144811,1507610475323,0.9224137931034483,11111111111111111111111111111111101111111101111111101111111011111111111111110000111011111111111111111111111111111111,0.8253968253968254,111111111111111111111011111101110111110111111111111110000001110,1.0,1111111111,2,1,8,2,0.9166666666666666,111111111111111111110101111111111111111111101110000000001111111111111111111111111111111111111111111111111111111111111111111111111111111111111111,0.673469387755102,1111111010000000111101111010011011111101001111111,1.0,11111111111111111111111111111,1.0,11111111111111111111111111111,0.8253968253968254,111111111111111111111011111011101111101111111111111110000001110
