TARGET_CLASS,configuration_id,criterion,ctg_min_time_per_job,ctg_schedule,search_budget,p_object_pool,ctg_time_per_class,Size,Length,Total_Time,Random_Seed,LineCoverage,LineCoverageBitString,BranchCoverage,BranchCoverageBitString,ExceptionCoverage,ExceptionCoverageBitString,Explicit_MethodExceptions,Explicit_TypeExceptions,Implicit_MethodExceptions,Implicit_TypeExceptions,WeakMutationScore,WeakMutationCoverageBitString,OutputCoverage,OutputCoverageBitString,MethodCoverage,MethodCoverageBitString,MethodNoExceptionCoverage,MethodNoExceptionCoverageBitString,CBranchCoverage,CBranchCoverageBitString
org.joda.time.chrono.BasicChronology,default,LINE;BRANCH;EXCEPTION;WEAKMUTATION;OUTPUT;METHOD;METHODNOEXCEPTION;CBRANCH,1,BUDGET,174,0.3,3,99,237,254611,1507605899621,0.8939393939393939,111111111111111111111111111111111111111111111111111000111111010110111111111111001101011111111111111111111111111111111111111111111111111101011111111101101111111111111111111111111111111110011000001111,0.7745098039215687,111111111111111111111000011111111011101110111011111000000101101111111011100110101111111111111011101111,1.0,111111111111111111111,13,2,6,1,0.8636363636363636,1111111111111111111111111111111111111111111111111111111111111111111111111111101000000000000000111111110110100000011110110110000011110000001111111111111111111111111111010111111111111111110001111111111111111111111111111111111111111111111111111111111111101111111111111111111111111111111111111111111111111111111111111111111111011111111111111111111101011111110100000111111111010111111111111111111111111111111111111111111000000000111110110000000001101111111111110111111111111111111111110111111111111111111111111111111111101111111111111111111111111111111111111111111111111111110111111111111111111111111111111111111111111111111111111111111100100000111111111101000000111111111111111101111111,0.5,11011010010010010100100000010110110010110110010010010010010010010110010010010011110010110110111010010011011010111110110110101011110010,0.9411764705882353,111111111111111111111111111111111111111111111111000,0.9215686274509803,111111111011111111111111111111111111111111111111000,0.6274509803921569,111111110110011101011111011111000000101101111000000000000000001111110111010101011111111111011101111111
