TARGET_CLASS,configuration_id,criterion,ctg_min_time_per_job,ctg_schedule,search_budget,p_object_pool,ctg_time_per_class,Size,Length,Total_Time,Random_Seed,LineCoverage,LineCoverageBitString,BranchCoverage,BranchCoverageBitString,ExceptionCoverage,ExceptionCoverageBitString,Explicit_MethodExceptions,Explicit_TypeExceptions,Implicit_MethodExceptions,Implicit_TypeExceptions,WeakMutationScore,WeakMutationCoverageBitString,OutputCoverage,OutputCoverageBitString,MethodCoverage,MethodCoverageBitString,MethodNoExceptionCoverage,MethodNoExceptionCoverageBitString,CBranchCoverage,CBranchCoverageBitString
org.joda.time.Seconds,default,LINE;BRANCH;EXCEPTION;WEAKMUTATION;OUTPUT;METHOD;METHODNOEXCEPTION;CBRANCH,1,BUDGET,113,0.3,3,69,195,139817,1507833272032,0.8688524590163934,1111111111111111111111101111110111111111010000111110111111111,0.9298245614035088,111111111011111111111111111111000111111111111111111111111,0.9333333333333333,101111111111111,9,3,5,2,0.9288702928870293,11111111111111111111111111111111111111000010000000000111111111111110001111111111111111111111111111111111111111111111111111111111111111111111111111111111111111111111111111111111111111111111111111111111111111111111111111111111111111111111111,0.5364238410596026,1110100100100111111111101001110100111010011101000010100111010011101001110100000000000101000010100001010011101001111111111111110111010011101001110100010,1.0,111111111111111111111111,0.9583333333333334,111111111111110111111111,0.9298245614035088,111111110111111111111111111110001111111111111111111111111
