TARGET_CLASS,configuration_id,criterion,ctg_min_time_per_job,ctg_schedule,search_budget,p_object_pool,ctg_time_per_class,Size,Length,Total_Time,Random_Seed,LineCoverage,LineCoverageBitString,BranchCoverage,BranchCoverageBitString,ExceptionCoverage,ExceptionCoverageBitString,Explicit_MethodExceptions,Explicit_TypeExceptions,Implicit_MethodExceptions,Implicit_TypeExceptions,WeakMutationScore,WeakMutationCoverageBitString,OutputCoverage,OutputCoverageBitString,MethodCoverage,MethodCoverageBitString,MethodNoExceptionCoverage,MethodNoExceptionCoverageBitString,CBranchCoverage,CBranchCoverageBitString
org.joda.time.chrono.JulianChronology,default,LINE;BRANCH;EXCEPTION;WEAKMUTATION;OUTPUT;METHOD;METHODNOEXCEPTION;CBRANCH,1,BUDGET,94,0.3,3,27,57,114062,1507612331282,0.8823529411764706,11111111111111111111111111111111111011111111101111111111000000111111,0.8409090909090909,11111111111111111111101101100000111111111111,1.0,11111,3,2,1,1,0.8861788617886179,111111111101111111111111111111111111101111111111111111111111100000000000000000000000011111111111111111111111111111011111111111111111111111111111111111111111111111110111111111111111111111111111111111111111111111111111111111111111111111111111111111,0.5121951219512195,11111001001001001011010101010010100111010,1.0,111111111111111111,1.0,111111111111111111,0.7272727272727273,11111111111111111110000100000000111111111111
