TARGET_CLASS,configuration_id,criterion,ctg_min_time_per_job,ctg_schedule,search_budget,p_object_pool,ctg_time_per_class,Size,Length,Total_Time,Random_Seed,LineCoverage,LineCoverageBitString,BranchCoverage,BranchCoverageBitString,ExceptionCoverage,ExceptionCoverageBitString,Explicit_MethodExceptions,Explicit_TypeExceptions,Implicit_MethodExceptions,Implicit_TypeExceptions,WeakMutationScore,WeakMutationCoverageBitString,OutputCoverage,OutputCoverageBitString,MethodCoverage,MethodCoverageBitString,MethodNoExceptionCoverage,MethodNoExceptionCoverageBitString,CBranchCoverage,CBranchCoverageBitString
org.joda.time.format.FormatUtils,default,LINE;BRANCH;EXCEPTION;WEAKMUTATION;OUTPUT;METHOD;METHODNOEXCEPTION;CBRANCH,1,BUDGET,222,0.3,3,85,157,325881,1507826645297,0.9464285714285714,001111111111111111111111111111111111110111111111101110111111111111111111111110111011111111111111111111111110111111111111111111111111111111011111111111111111111111111111,0.9719626168224299,11111111111111111111111111111111011111111101111111111111111111110111111111111111111111111111111111111111111,0.9666666666666667,111111111111111111111110111111,0,0,21,3,0.9686868686868687,111111111111111111111111111011111111111111111111111111111111111111111111111111111111111111111111111111111111111111111111111111111101111111111111111111111111111111111111111011111101111111111110001111111111011111111111111111111111110111111111111111111111111111011111111111001000001111111111111111111111111111111111111111111111111111111111111111111111111111111111101111111111111111111111111111111111111111111111111111111111111110111111011111111111100011111111110111111111111111111111111101111111111111111111111111111110111111111111111111111111111111111111111111111111111111111111101111111111111111111111111111111111111111111111111111111111111111111111111111111111111011111111111111111111111111111111111111111111111111111111111110111111111111111111111111111111111111111111111111111111111111111111111111111110111111111111111111111111111111111111111111111111111111111111111111111111111111111111111111111111111111111111111111111111111111111111111111111111111111110111111111111111111111111111111111,0.5555555555555556,010010111,1.0,111111111111111,1.0,111111111111111,0.9532710280373832,11111111110111111111111111110111011111111011111111111111111111101111111111111111111111111111111111111111111
