TARGET_CLASS,configuration_id,criterion,ctg_min_time_per_job,ctg_schedule,search_budget,p_object_pool,ctg_time_per_class,Size,Length,Total_Time,Random_Seed,LineCoverage,LineCoverageBitString,BranchCoverage,BranchCoverageBitString,ExceptionCoverage,ExceptionCoverageBitString,Explicit_MethodExceptions,Explicit_TypeExceptions,Implicit_MethodExceptions,Implicit_TypeExceptions,WeakMutationScore,WeakMutationCoverageBitString,OutputCoverage,OutputCoverageBitString,MethodCoverage,MethodCoverageBitString,MethodNoExceptionCoverage,MethodNoExceptionCoverageBitString,CBranchCoverage,CBranchCoverageBitString
org.joda.time.Weeks,default,LINE;BRANCH;EXCEPTION;WEAKMUTATION;OUTPUT;METHOD;METHODNOEXCEPTION;CBRANCH,1,BUDGET,113,0.3,3,76,275,141499,1507611079921,0.8524590163934426,1111111111111111111111101111110111111111111111111010000101110,0.9298245614035088,111111111101111111111111111111000111111111111111111111111,1.0,1111111111111111111,14,3,5,2,0.9103139013452914,1111111111111111111111111111111111111100001000000000011111000111111000111111111111111111111111111111111111111111111111111111111111111111111111111111111111111111111111111111111111111111111111111111111111111111111111111111111,0.5165562913907285,1110100100100111111111101001110100111010011101000010100111010011101000010100111010011111111111111101010100111010011101000101110100000000000000000010100,1.0,111111111111111111111111,0.9166666666666666,111111111111111111111001,0.9298245614035088,111101111111111111111111111110100111111111111111111111111
