TARGET_CLASS,configuration_id,criterion,ctg_min_time_per_job,ctg_schedule,search_budget,p_object_pool,ctg_time_per_class,Size,Length,Total_Time,Random_Seed,LineCoverage,LineCoverageBitString,BranchCoverage,BranchCoverageBitString,ExceptionCoverage,ExceptionCoverageBitString,Explicit_MethodExceptions,Explicit_TypeExceptions,Implicit_MethodExceptions,Implicit_TypeExceptions,WeakMutationScore,WeakMutationCoverageBitString,OutputCoverage,OutputCoverageBitString,MethodCoverage,MethodCoverageBitString,MethodNoExceptionCoverage,MethodNoExceptionCoverageBitString,CBranchCoverage,CBranchCoverageBitString
org.joda.time.YearMonth,default,LINE;BRANCH;EXCEPTION;WEAKMUTATION;OUTPUT;METHOD;METHODNOEXCEPTION;CBRANCH,1,BUDGET,96,0.3,3,92,297,135320,1507611811172,0.9375,11110111111111111111111111111111111111111111111111111100011111011111111111111111111111111011111111110011111111111111111111111111,0.9615384615384616,111111111111111111111111111111111111111111111111111100111111111111111111101111,0.92,11111111111111111111111111101011111111101110111111,34,5,11,2,0.851145038167939,1111111111111111111111111111111101111111111111111111111111111111111111111111111111111111111111111001111101111111111111111111111111111101111111111111110000000000000000000000000000001111111111111101111111111111111000111111111111111111111111111111111111111111111111,0.2897959183673469,01001001000100100100101001001111101101101000000000000000000000001000100100100010010010001001001000100100100000000000001011001000000000000000000000001000100000000000000001000100100100100110100011110010001001001000101110100010011010001011101001110,1.0,1111111111111111111111111111111111111111111111111111111,0.8545454545454545,1111111111111111111001111101001100111111111111111111101,0.9615384615384616,111111111111111111111111111111111111111111111111111100111111111111111111101111
