TARGET_CLASS,configuration_id,criterion,ctg_min_time_per_job,ctg_schedule,search_budget,p_object_pool,ctg_time_per_class,Size,Length,Total_Time,Random_Seed,LineCoverage,LineCoverageBitString,BranchCoverage,BranchCoverageBitString,ExceptionCoverage,ExceptionCoverageBitString,Explicit_MethodExceptions,Explicit_TypeExceptions,Implicit_MethodExceptions,Implicit_TypeExceptions,WeakMutationScore,WeakMutationCoverageBitString,OutputCoverage,OutputCoverageBitString,MethodCoverage,MethodCoverageBitString,MethodNoExceptionCoverage,MethodNoExceptionCoverageBitString,CBranchCoverage,CBranchCoverageBitString
org.springside.modules.utils.concurrent.jsr166e.Striped64,default,LINE;BRANCH;EXCEPTION;WEAKMUTATION;OUTPUT;METHOD;METHODNOEXCEPTION;CBRANCH,1,BUDGET,117,0.3,3,16,122,170278,1508009423474,0.6704545454545454,1111000000011111111111111111111111111111111110000000000000011111111111111101111000000011,0.5492957746478874,11011011111111111110101010101011101000000000000001101010101011111110000,1.0,11,0,0,1,1,0.8631578947368421,1111111111111111111111111111111111111111111111111111111111111111111111011111110101011111111111111111111111111111111110011100100001011111111111111111111101011111111111111101011111110100000000,1.0,1111111,1.0,1111111,1.0,1111111,0.5492957746478874,11011011111111111110011111000011110000000000000001011011010101111110000
