TARGET_CLASS,configuration_id,criterion,ctg_min_time_per_job,ctg_schedule,search_budget,p_object_pool,ctg_time_per_class,Size,Length,Total_Time,Random_Seed,LineCoverage,LineCoverageBitString,BranchCoverage,BranchCoverageBitString,ExceptionCoverage,ExceptionCoverageBitString,Explicit_MethodExceptions,Explicit_TypeExceptions,Implicit_MethodExceptions,Implicit_TypeExceptions,WeakMutationScore,WeakMutationCoverageBitString,OutputCoverage,OutputCoverageBitString,MethodCoverage,MethodCoverageBitString,MethodNoExceptionCoverage,MethodNoExceptionCoverageBitString,CBranchCoverage,CBranchCoverageBitString
org.asynchttpclient.netty.util.Utf8ByteBufCharsetDecoder,default,LINE;BRANCH;EXCEPTION;WEAKMUTATION;OUTPUT;METHOD;METHODNOEXCEPTION;CBRANCH,1,BUDGET,78,0.3,2,29,290,119700,1507616317578,0.66,1111111111111111111111111111111111111111011110111111111111110000000000000000000000011111110000000001,0.5694444444444444,111111110111111100000000000000000000000000100011111011111111111111111111,1.0,11111111111111111,2,2,13,5,0.3981191222570533,1111101111111111111111111111110000000000000000000000000000000000000000000000000000000000000000000000000000000000000000000000000000000000000000000000000000000000000000000000000000000000000000000000000000000000000100001111100111111111111110111111111111111111111110111111111111111111111111101111111111111111111111111111110,0.20512820512820512,000000000000000000000000000110110110110,1.0,11111111,1.0,11111111,0.5138888888888888,111111111011111100000000000000000000000000001011111000001111111111111111
